blockHeight,blockTime,blockhash,parentSlot,previousBlockhash,transactions,blockId
96588559,1637137837,8R6NPSxvqwsa87Z8A3D4AMHeVvZ5CpvpVQSKBAgZb3Eq,107300500,CF1uJMwCqgQwmwsD2d3Zh4ksooEufBsesXfMwja1qA2H,696,107300501
96588558,1637137837,CF1uJMwCqgQwmwsD2d3Zh4ksooEufBsesXfMwja1qA2H,107300499,2ddQGofCqmKmYNSpqrfCpiRtHNTwDvsrSKPRmDVuzf1y,3387,107300500
96588560,1637137838,2abprVrwPm8NLczgA5ZX67HsUwkm37gb1VJQckMGwr3p,107300501,8R6NPSxvqwsa87Z8A3D4AMHeVvZ5CpvpVQSKBAgZb3Eq,1459,107300502
96588561,1637137839,5XD8iNXE77J8GApF5woqDJ8AgmGq2fxUFaFxrvJ1xqcN,107300502,2abprVrwPm8NLczgA5ZX67HsUwkm37gb1VJQckMGwr3p,1760,107300503
96588562,1637137841,CdH3WW69BcNqqwRc9DGBqmJzxFKPyEPXqK9cyd3Jvtpd,107300503,5XD8iNXE77J8GApF5woqDJ8AgmGq2fxUFaFxrvJ1xqcN,1661,107300508
96588563,1637137841,kJybp3JehqptekNwLJXLEwoofBM4S6Ftqysjruq31wt,107300508,CdH3WW69BcNqqwRc9DGBqmJzxFKPyEPXqK9cyd3Jvtpd,535,107300509
n/a,n/a,n/a,n/a,n/a,n/a,107300507
n/a,n/a,n/a,n/a,n/a,n/a,107300504
n/a,n/a,n/a,n/a,n/a,n/a,107300505
n/a,n/a,n/a,n/a,n/a,n/a,107300506
96588564,1637137842,HCDDcpHFvHmtHH1UahhmKwsj1voR14PbVFCc63rkjbpK,107300509,kJybp3JehqptekNwLJXLEwoofBM4S6Ftqysjruq31wt,1210,107300510
96588565,1637137843,DrM7W9uRhcpgvXo9F5VGrBhTHmQ9UnGEdya5VcBaU2sm,107300510,HCDDcpHFvHmtHH1UahhmKwsj1voR14PbVFCc63rkjbpK,1147,107300511
96588566,1637137843,8Fujz1zuvKyMAZihZzLG1M1n4cQbu7YdKNisYFXS8hnK,107300511,DrM7W9uRhcpgvXo9F5VGrBhTHmQ9UnGEdya5VcBaU2sm,4102,107300512
96588567,1637137843,93MGzDPxUi2C8S8uik6KGsNo6RYZzFHVJdhmJ3LPdyC,107300512,8Fujz1zuvKyMAZihZzLG1M1n4cQbu7YdKNisYFXS8hnK,432,107300513
96588568,1637137844,GXxXNT24F7Ricv4fqZ7avvyVKy8Kgb1wxQa7rEpqvPxJ,107300513,93MGzDPxUi2C8S8uik6KGsNo6RYZzFHVJdhmJ3LPdyC,1811,107300514
96588569,1637137844,9kvrmCjMAcoXCzivVExY3mSgPchEt76pQ4T4KhufkAHa,107300514,GXxXNT24F7Ricv4fqZ7avvyVKy8Kgb1wxQa7rEpqvPxJ,978,107300515
96588570,1637137845,6QXDKCtA9WjLwvPgHsEnyoJzPHoggXqBwXySK6xG99wZ,107300515,9kvrmCjMAcoXCzivVExY3mSgPchEt76pQ4T4KhufkAHa,1687,107300516
96588571,1637137846,9Dtno28WeLGB7RJ7pr64MGEZJuq6FJBMcLBb6qsHHaqF,107300516,6QXDKCtA9WjLwvPgHsEnyoJzPHoggXqBwXySK6xG99wZ,1852,107300517
96588572,1637137846,H5LCTQG74jAgLmCjTckP6Y2Fpc4iLt6S5LNMYkgfn9fh,107300517,9Dtno28WeLGB7RJ7pr64MGEZJuq6FJBMcLBb6qsHHaqF,1716,107300518
96588573,1637137847,AuL3etLnmZMVMH1XDkAFpwJyLss5UuiW1SBTDoC9CLHY,107300518,H5LCTQG74jAgLmCjTckP6Y2Fpc4iLt6S5LNMYkgfn9fh,1518,107300519
